"216.144.230.233:15993","United States/Los Angeles"
"174.70.241.14:24392","United States/"
"72.210.252.134:46164","United States/"
"70.168.93.201:17009","United States/Gainesville"
"208.97.31.229:53124","United States/Albany"
"184.178.172.13:15311","United States/Oklahoma City"
"47.75.31.98:1080","United States/San Mateo"
"98.162.25.29:31679","United States/"
"69.61.200.104:36181","United States/Cincinnati"
"184.176.166.8:17864","United States/"
"184.185.2.146:47659","United States/"
"66.110.216.221:39603","United States/Atlanta"
"72.49.49.11:31034","United States/Cincinnati"
"208.102.51.6:58208","United States/Cincinnati"
"39.108.87.11:21071","China/Hangzhou"
"72.55.229.126:10200","United States/Newry"
"124.195.19.18:1080","Indonesia/Jakarta"
"175.172.0.66:1080","China/Shenyang"
"99.194.8.90:27544","United States/Providence"
"70.168.93.218:17026","United States/Gainesville"
"193.70.6.126:1080","France/Roubaix"
"174.70.241.27:24413","United States/"
"91.112.97.102:14870","Austria/Vienna"
"174.70.241.8:24398","United States/"
"212.237.55.173:1080","Italy/Arezzo"
"182.18.57.27:1080","China/Beijing"
"118.122.92.252:37801","China/Chengdu"
"193.113.158.238:1080","United Kingdom/Hounslow"
"60.28.246.113:1080","China/Tianjin"
"61.135.155.82:1080","China/Beijing"
"66.110.216.105:39431","United States/Atlanta"
"218.24.45.194:1080","China/Shenyang"
"24.185.109.78:3663","United States/Neptune City"
"188.120.245.252:1081","Russia/"
"113.240.226.164:1080","China/Changsha"
